idema,nombre,provincia,provincia_id,latitud,longitud,altitud,indsinop
B013X,"ESCORCA, LLUC",illes balears,7,39.8167,2.8833,490,8304
B051A,"SÓLLER, PUERTO",illes balears,7,39.7833,2.6833,5,8316
B087X,BANYALBUFAR,illes balears,7,39.6833,2.5,60,
B103B,ANDRATX - SANT ELM,illes balears,7,39.5667,2.3667,52,
B158X,"CALVIÀ, ES CAPDELLÀ",illes balears,7,39.55,2.45,50,
B228,"PALMA, PUERTO",illes balears,7,39.55,2.6167,3,8301
B236C,"PALMA, UNIVERSITAT",illes balears,7,39.6333,2.6333,95,
B248,"SIERRA DE ALFABIA, BUNYOLA",illes balears,7,39.7333,2.7,1030,8303
B275E,"SON BONET, AEROPUERTO",illes balears,7,39.6,2.7,47,8302
B278,"PALMA DE MALLORCA, AEROPUERTO",illes balears,7,39.55,2.7333,5,8306
B301,"LLUCMAJOR, CAP BLANC",illes balears,7,39.3667,2.7833,113,8308
B334X,LLUCMAJOR,illes balears,7,39.4833,2.8833,140,
B341X,PORRERES,illes balears,7,39.5,3.0,149,
B346X,PORRERES,illes balears,7,39.5167,3.0167,120,8310
B362X,"CAMPOS, CAN SION",illes balears,7,39.4,3.05,40,
B373X,"CAMPOS, SALINES LLEVANT",illes balears,7,39.35,3.0,3,
B398A,"CABRERA, PARQUE NACIONAL DE CABRERA",illes balears,7,39.1333,2.9333,165,
B410B,SANTANYÍ,illes balears,7,39.3333,3.1333,45,
B434X,PORTOCOLOM  ,illes balears,7,39.4,3.2667,17,8309
B496X,SON SERVERA,illes balears,7,39.6167,3.3833,25,
B526X,ARTÀ,illes balears,7,39.6833,3.35,110,
B569X,CAPDEPERA,illes balears,7,39.7167,3.4667,57,8311
B603X,ARTÀ-COLÒNIA DE SANT PERE,illes balears,7,39.7167,3.2667,99,
B605X,"MURO, S'ALBUFERA",illes balears,7,39.7833,3.1,2,
B614E,MANACOR,illes balears,7,39.55,3.2167,100,
B640X,PETRA,illes balears,7,39.6,3.1167,95,
B644B,SINEU,illes balears,7,39.6333,3.0,120,
B656A,SANTA MARÍA DEL CAMÍ,illes balears,7,39.65,2.8,121,
B662X,BINISSALEM,illes balears,7,39.6667,2.8667,105,
B684A,"ESCORCA, SON TORRELLA",illes balears,7,39.7833,2.7833,842,
B691,LA PUEBLA (SA CANOVA),illes balears,7,39.7333,3.0,40,
B691Y,SA POBLA,illes balears,7,39.7333,3.0167,40,8312
B760X,POLLENÇA,illes balears,7,39.8667,3.0167,45,
B780X,PORT DE POLLENÇA,illes balears,7,39.9,3.1,2,
B800X,"LA MOLA, MAÓ",illes balears,7,39.8667,4.3167,78,
B825B,ES MERCADAL,illes balears,7,39.9833,4.0833,80,
B860X,CIUTADELLA,illes balears,7,39.9833,3.85,20,
B870C,"CIUTADELLA, CALA GALDANA",illes balears,7,39.9333,3.95,43,
B893,"MENORCA, AEROPUERTO",illes balears,7,39.85,4.2,91,8314
B908X,SANT JOAN DE LABRITJA,illes balears,7,39.05,1.4833,110,
B925,SANT ANTONI DE PORTMANY,illes balears,7,38.95,1.3167,32,
B954,"IBIZA, AEROPUERTO",illes balears,7,38.8667,1.3833,6,8373
B957,EIVISSA,illes balears,7,38.9167,1.4333,3,
B986,FORMENTERA,illes balears,7,38.6833,1.45,24,
C018J,TÍAS,las palmas,35,28.9667,-13.6833,376,
C019V,YAIZA PLAYA BLANCA,las palmas,35,28.85,-13.8333,6,
C029O,LANZAROTE AEROPUERTO,las palmas,35,28.95,-13.6,14,60040
C038N,HARÍA,las palmas,35,29.1333,-13.4833,277,
C048W,TINAJO,las palmas,35,29.0333,-13.6667,275,
C101A,ROQUE DE LOS MUCHACHOS,santa cruz de tenerife,38,28.75,-17.8833,2223,
C117A,PUNTAGORDA,santa cruz de tenerife,38,28.75,-17.9833,684,
C117Z,TIJARAFE,santa cruz de tenerife,38,28.6667,-17.9333,733,
C126A,EL PASO,santa cruz de tenerife,38,28.65,-17.85,844,
C129V,FUENCALIENTE,santa cruz de tenerife,38,28.45,-17.8333,19,
C129Z,TAZACORTE,santa cruz de tenerife,38,28.5833,-17.9,62,60004
C139E,LA PALMA AEROPUERTO,santa cruz de tenerife,38,28.6167,-17.75,33,60005
C148F,SAN ANDRÉS Y SAUCES,santa cruz de tenerife,38,28.8,-17.7667,362,
C229J,PÁJARA,las palmas,35,28.0333,-14.35,15,60034
C239N,"TUINEJE,PUERTO GRAN TARAJAL",las palmas,35,28.2,-14.0167,1,
C248E,ANTIGUA,las palmas,35,28.4167,-14.0167,252,
C249I,FUERTEVENTURA AEROPUERTO,las palmas,35,28.4333,-13.85,25,60035
C258K,LA OLIVA,las palmas,35,28.6,-13.9167,217,
C314Z,"VALLEHERMOSO, ALTO IGUALERO  ",santa cruz de tenerife,38,28.1,-17.2333,1474,
C316I,ARURE,santa cruz de tenerife,38,28.1167,-17.3,916,
C317B,AGULO,santa cruz de tenerife,38,28.1667,-17.2,765,
C319W,"VALLEHERMOSO, DAMA",santa cruz de tenerife,38,28.05,-17.3,190,
C328W,HERMIGUA,santa cruz de tenerife,38,28.15,-17.1833,252,
C329B,"LA GOMERA, AEROPUERTO",santa cruz de tenerife,38,28.0167,-17.2,219,60007
C329Z,SAN SEBASTIÁN DE LA GOMERA,santa cruz de tenerife,38,28.0833,-17.1,15,60008
C406G,"LA OROTAVA, CAÑADAS TEIDE",santa cruz de tenerife,38,28.2167,-16.6167,2150,
C412N,CITFAGRO_89_CHAVAO,santa cruz de tenerife,38,28.2167,-16.7,2071,
C415A,CITFAGRO_64_HOYOS,santa cruz de tenerife,38,28.3,-16.8,990,
C417J,CITFAGRO_74_CHIO,santa cruz de tenerife,38,28.2333,-16.7833,735,
C418I,CITFAGRO_05_GUIAISO1,santa cruz de tenerife,38,28.2,-16.7833,476,
C418L,CITFAGRO_76_POZO,santa cruz de tenerife,38,28.2,-16.75,700,
C419L,LOMO DEL BALO,santa cruz de tenerife,38,28.2,-16.7833,403,
C419X,ADEJE,santa cruz de tenerife,38,28.0667,-16.7,130,
C422A,CITFAGRO_94_LOSTOPOS,santa cruz de tenerife,38,28.1667,-16.65,1833,
C423R,CITFAGRO_90_PICACHO,santa cruz de tenerife,38,28.2167,-16.5167,1654,
C426E,CITFAGRO_13_VILAFLOR,santa cruz de tenerife,38,28.1333,-16.6167,1258,
C426I,CITFAGRO_77_PINAL,santa cruz de tenerife,38,28.1167,-16.6,880,
C426R,CITFAGRO_09_HELECHO,santa cruz de tenerife,38,28.2167,-16.4833,930,
C428T,ARICO,santa cruz de tenerife,38,28.1667,-16.4667,418,
C428U,CITFAGRO_01_ARICO,santa cruz de tenerife,38,28.1167,-16.4667,135,
C429I,TENERIFE SUR AEROPUERTO,santa cruz de tenerife,38,28.0333,-16.55,64,60025
C430E,IZAÑA,santa cruz de tenerife,38,28.3,-16.4833,2369,60010
C436I,CITFAGRO_54_TOPONEGRO,santa cruz de tenerife,38,28.3167,-16.4,290,
C436L,CITFAGRO_96_ARAYA,santa cruz de tenerife,38,28.3667,-16.3833,525,
C437E,CITFAGRO_81_MENA,santa cruz de tenerife,38,28.2667,-16.4167,500,
C438N,CANDELARIA,santa cruz de tenerife,38,28.35,-16.4,463,
C439J,GÜÍMAR,santa cruz de tenerife,38,28.3167,-16.3667,115,60018
C446G,"SAN CRISTÓBAL DE LA LAGUNA,LLANO DE LOS LOROS",santa cruz de tenerife,38,28.5167,-16.2667,868,
C447A,TENERIFE NORTE AEROPUERTO,santa cruz de tenerife,38,28.4667,-16.3167,632,60015
C448C,CITFAGRO_92_SANTACRUZ,santa cruz de tenerife,38,28.45,-16.2667,136,
C449C,STA.CRUZ DE TENERIFE,santa cruz de tenerife,38,28.45,-16.25,36,60020
C449F,ANAGA ,santa cruz de tenerife,38,28.5,-16.1833,19,
C449Q,CITFAGRO_97_TAGANANA,santa cruz de tenerife,38,28.55,-16.2167,305,
C453I,CITFAGRO_88_GAITERO,santa cruz de tenerife,38,28.3833,-16.4333,1744,
C455M,CITFAGRO_87_AGUAMANSA,santa cruz de tenerife,38,28.35,-16.4833,1065,
C456E,CITFAGRO_10_RAVELO,santa cruz de tenerife,38,28.45,-16.4,922,
C456P,CITFAGRO_70_BENIJO,santa cruz de tenerife,38,28.35,-16.5333,906,
C456R,CITFAGRO_69_SUERTE,santa cruz de tenerife,38,28.3667,-16.5333,551,
C457E,CITFAGRO_67_MATANZA,santa cruz de tenerife,38,28.4333,-16.4333,650,
C457I,LA VICTORIA DE ACENTEJO,santa cruz de tenerife,38,28.4333,-16.45,567,
C458A,TACORONTE,santa cruz de tenerife,38,28.4833,-16.4167,310,
C458U,CITFAGRO_71_PALOB,santa cruz de tenerife,38,28.3667,-16.5667,595,
C459Z,PUERTO DE LA CRUZ,santa cruz de tenerife,38,28.4167,-16.5333,25,60012
C466O,CITFAGRO_91_CUBO,santa cruz de tenerife,38,28.3333,-16.7833,878,
C467I,CITFAGRO_73_REDON,santa cruz de tenerife,38,28.35,-16.7,525,
C468I,CITFAGRO_98_ELDRAGO,santa cruz de tenerife,38,28.3667,-16.7167,218,
C468O,CITFAGRO_62_TRIGO,santa cruz de tenerife,38,28.35,-16.8,450,
C468X,SAN JUAN DE LA RAMBLA,santa cruz de tenerife,38,28.3667,-16.6167,667,
C611E,VEGA DE SAN MATEO,las palmas,35,27.9667,-15.5833,1702,
C612F,"TEJEDA, CRUZ DE TEJEDA",las palmas,35,28.0,-15.5833,1514,
C614H,TEJEDA,las palmas,35,27.9833,-15.6,1060,60038
C619I,LA ALDEA DE SAN NICOLÁS,las palmas,35,28.0,-15.8,10,60027
C619X,AGAETE,las palmas,35,28.1,-15.7,5,
C619Y,LA ALDEA DE SAN NICOLÁS,las palmas,35,28.0,-15.8,13,60027
C623I,"SAN BARTOLOME TIRAJANA, CUEVAS DEL PINAR",las palmas,35,27.9167,-15.5833,1220,
C625O,"SAN BARTOLOME TIRAJANA, LOMO PEDRO ALFONSO",las palmas,35,27.85,-15.6333,806,
C628B,"LA ALDEA DE SAN NICOLÁS, TASARTE",las palmas,35,27.9,-15.7667,318,
C629Q,"MOGÁN, PUERTO RICO",las palmas,35,27.7667,-15.7,10,
C629X,"MOGÁN, PUERTO",las palmas,35,27.8,-15.75,10,60036
C635B,"SAN BARTOLOME TIRAJANA, LAS TIRAJANAS",las palmas,35,27.9167,-15.5667,960,
C639M,"MASPALOMAS, C. INSULAR TURISMO ",las palmas,35,27.75,-15.5667,45,
C639U,"SAN BARTOLOME TIRAJANA, EL MATORRAL",las palmas,35,27.8,-15.45,41,
C648C,AGÜIMES,las palmas,35,27.9,-15.45,306,
C648N,"TELDE, CENTRO FORESTAL DORAMAS",las palmas,35,27.9833,-15.45,344,
C649I,GRAN CANARIA AEROPUERTO,las palmas,35,27.9167,-15.3833,24,60030
C649R,"TELDE, MELENARA",las palmas,35,27.9833,-15.3667,9,
C656V,TEROR,las palmas,35,28.0667,-15.5333,683,
C658L,LAS PALMAS DE G.C. (TAFIRA CMT),las palmas,35,28.0667,-15.45,269,
C658X,"LAS PALMAS DE GRAN CANARIA, TAFIRA",las palmas,35,28.0667,-15.45,269,
C659H,"LAS PALMAS DE GRAN CANARIA, SAN CRISTOBAL",las palmas,35,28.0833,-15.4,55,60029
C659M,"LAS PALMAS DE GRAN CANARIA, PL. DE LA FERIA",las palmas,35,28.1,-15.4167,15,60032
C665T,VALLESECO,las palmas,35,28.05,-15.55,900,
C668V,AGAETE - SUERTE ALTA,las palmas,35,28.0833,-15.6667,352,
C669B,ARUCAS,las palmas,35,28.1333,-15.5,86,
C689E,MASPALOMAS,las palmas,35,27.7333,-15.5833,6,60037
C839I,TEGUISE,las palmas,35,29.2167,-13.5,10,
C839X,LA GRACIOSA,las palmas,35,29.2167,-13.5,19,60045
C916Q,"EL PINAR, DEPÓSITO",santa cruz de tenerife,38,27.7167,-17.9667,948,
C917E,"EL PINAR, LA DEHESA",santa cruz de tenerife,38,27.7167,-18.1,713,
C919K,TACORON-LAPILLAS-TORTUGA,santa cruz de tenerife,38,27.65,-18.0167,98,
C925F,"SAN ANDRÉS, VALVERDE",santa cruz de tenerife,38,27.7667,-17.95,1070,
C928I,VALVERDE,santa cruz de tenerife,38,27.8,-17.9167,670,
C929I,HIERRO AEROPUERTO,santa cruz de tenerife,38,27.8167,-17.8833,32,60001
C939T,"FRONTERA, SABINOSA",santa cruz de tenerife,38,27.75,-18.1,20,
0002I,VANDELLÒS  ,tarragona,43,40.95,0.8667,32,8169
0009X,ALFORJA,tarragona,43,41.2,0.95,406,
0016A,REUS AEROPUERTO,tarragona,43,41.1333,1.1667,71,8175
0016B,REUS (CENTRE LECTURA),tarragona,43,41.15,1.1,118,
0034X,VALLS,tarragona,43,41.2833,1.25,233,
0042Y,TARRAGONA ,tarragona,43,41.1167,1.2333,55,
0061X,PONTONS,barcelona,8,41.4167,1.5167,632,
0066X,VILAFRANCA DEL PENEDÈS,barcelona,8,41.3167,1.6667,177,
0073X,SITGES,barcelona,8,41.2333,1.85,58,
0076,BARCELONA AEROPUERTO,barcelona,8,41.2833,2.0667,4,8181
0092X,BERGA,barcelona,8,42.1,1.85,682,
0106X,BALSARENY,barcelona,8,41.85,1.8667,361,
0114X,PRATS DE LLUÇANÈS,barcelona,8,42.0,2.0167,700,
0120X,MOIÀ,barcelona,8,41.8,2.0833,742,
0149D,MANRESA (LA CULLA),barcelona,8,41.7167,1.8333,291,
0149X,MANRESA,barcelona,8,41.7167,1.8333,291,8174
0158O,MONTSERRAT,barcelona,8,41.5833,1.8333,738,
0158X,MONISTROL DE MONTSERRAT,barcelona,8,41.5833,1.8333,738,
0171X,IGUALADA,barcelona,8,41.5667,1.6167,313,8172
0194D,"CORBERA, PIC D'AGULLES",barcelona,8,41.4,1.8833,647,8179
0200E,"BARCELONA, FABRA",barcelona,8,41.4167,2.1167,408,
0201D,"BARCELONA, PORT OLÍMPIC",barcelona,8,41.3833,2.2,26,8180
0201X,"BARCELONA, DRASSANES",barcelona,8,41.3667,2.1667,11,
0222X,CALDES DE MONTBUI,barcelona,8,41.6,2.1667,175,
0229I,SABADELL AEROPUERTO,barcelona,8,41.5167,2.1,146,8192
0244X,VILASSAR DE DALT,barcelona,8,41.5,2.35,56,
0252D,ARENYS DE MAR,barcelona,8,41.5833,2.5333,74,8186
0255B,SANTA SUSANNA,barcelona,8,41.65,2.6833,40,8188
0260X,FOGARS DE MONTCLÚS,barcelona,8,41.75,2.4167,936,
0281Y,BLANES,girona,17,41.6667,2.8,45,
0284X,"CASTELL, PLATJA D'ARO ",girona,17,41.8,3.0167,14,
0294B,LA BISBAL (D'EMPORDA 3),girona,17,41.9667,3.0333,51,
0312X,SANT PAU DE SEGÚRIES,girona,17,42.25,2.35,851,
0320I,PLANOLES,girona,17,42.3167,2.1,1151,
0321,CAMPDEVANOL,girona,17,42.2167,2.1667,731,
0324A,RIPOLL,girona,17,42.1833,2.1833,675,8118
0341,TONA (ESCOLA),barcelona,8,41.8333,2.2167,611,
0341X,TONA,barcelona,8,41.8333,2.2167,607,
0349,SANT JULIÀ  DE VILATORTA,barcelona,8,41.9167,2.3167,578,8119
0360X,LES PLANES D'HOSTOLES,girona,17,42.05,2.55,337,
0363X,SANT HILARI,girona,17,41.8667,2.5,810,
0367,GIRONA AEROPUERTO,girona,17,41.9,2.75,143,8184
0370B,"GIRONA, ANTIC INSTITUT",girona,17,41.9667,2.8167,95,
0370E,GIRONA,girona,17,41.9667,2.8167,76,
0372C,PORQUERES,girona,17,42.1,2.75,157,8120
0385X,L'ESTARTIT,girona,17,42.05,3.2,1,
0394X,LA VALL DE BIANYA,girona,17,42.2,2.4667,350,
0411X,CASTELLÓ D'EMPÚRIES,girona,17,42.2167,3.0833,2,
0413A,MAÇANET DE CABRENYS,girona,17,42.3833,2.75,355,
0421E,ESPOLLA 'LES ALBERES',girona,17,42.3833,3.0,100,
0421X,ESPOLLA,girona,17,42.3833,3.0,100,
0429X,FIGUERES,girona,17,42.25,2.95,45,
0433D,CABO DE CREUS,girona,17,42.3167,3.3,75,8121
1002Y,"BAZTAN, IRURITA ",navarra,31,43.1333,-1.5333,183,8030
1010X,BERA,navarra,31,43.2667,-1.6667,54,
1012P,IRUN,gipuzkoa,20,43.3167,-1.7833,120,
1014,"HONDARRIBIA, MALKARROA",gipuzkoa,20,43.35,-1.7833,4,8029
1014A,DONOSTIA / SAN SEBASTIÁN AEROPUERTO,gipuzkoa,20,43.35,-1.7833,4,8029
1021X,"ERRENTERIA, AÑARBE",gipuzkoa,20,43.2,-1.8667,165,
1021Y,ARTICUTZA (AUTOMATICA),navarra,31,43.2,-1.7833,305,
1024E,"DONOSTIA / SAN SEBASTIÁN, IGELDO",gipuzkoa,20,43.3,-2.0333,250,8027
1025A,SEGURA,gipuzkoa,20,43.0,-2.25,255,
1025X,"BEASAIN, ARRIARAN",gipuzkoa,20,43.05,-2.2167,255,
1026X,ORDIZIA,gipuzkoa,20,43.05,-2.1833,290,
1033X,ARESO,navarra,31,43.0833,-1.95,520,
1037X,LEGAZPI,gipuzkoa,20,43.05,-2.3333,460,
1037Y,ZUMARRAGA,gipuzkoa,20,43.0667,-2.3167,420,8037
1038X,AZPEITIA,gipuzkoa,20,43.1667,-2.2667,180,
1041A,ZUMAIA,gipuzkoa,20,43.3,-2.25,28,8026
1044X,"ARAMAIO, ETXAGUEN",araba,1,43.05,-2.5833,617,
1048X,ARETXABALETA,gipuzkoa,20,43.0167,-2.45,308,
1049N,ELGETA,gipuzkoa,20,43.1333,-2.4833,470,
1050J,ELGOIBAR,gipuzkoa,20,43.2,-2.4,119,8036
1052A,MUTRIKU,gipuzkoa,20,43.3167,-2.3833,150,
1055B,LEKEITIO,bizkaia,48,43.3667,-2.5,12,8024
1056K,FORUA,bizkaia,48,43.3333,-2.6667,45,
1057B,MATXITXAKO,bizkaia,48,43.45,-2.75,93,
1059X,PUNTA GALEA,bizkaia,48,43.3667,-3.0167,81,8059
1060X,AMURRIO,araba,1,43.05,-3.0,240,
1064L,"OROZKO, IBARRA",bizkaia,48,43.0833,-2.85,270,
1069Y,"ABADIÑO, URKIOLA",bizkaia,48,43.0833,-2.6333,747,
1074C,AMOREBIETA-ETXANO,bizkaia,48,43.2,-2.7,100,
1078C,BALMASEDA,bizkaia,48,43.1667,-3.2,210,
1078I,GÜEÑES,bizkaia,48,43.2,-3.1,208,8035
1082,BILBAO AEROPUERTO,bizkaia,48,43.2833,-2.9,42,8025
1083B,SOPUERTA,bizkaia,48,43.2667,-3.1667,177,
1083L,CASTRO URDIALES,cantabria,39,43.3833,-3.2333,45,8020
1089U,RAMALES DE LA VICTORIA,cantabria,39,43.25,-3.4667,80,
1096X,"BARCENA DE CICERO, TRETO",cantabria,39,43.3833,-3.4667,10,
1103X,SAN ROQUE DE RIOMIERA,cantabria,39,43.2167,-3.7167,849,
1109,SANTANDER AEROPUERTO,cantabria,39,43.4167,-3.8167,3,8021
1109X,SANTANDER AEROPUERTO,cantabria,39,43.4167,-3.8167,3,8021
1110,"SANTANDER, CIUDAD",cantabria,39,43.45,-3.8167,64,
1111,SANTANDER,cantabria,39,43.4833,-3.8,52,8023
1111X,SANTANDER,cantabria,39,43.4833,-3.8,51,8023
1124E,VILLACARRIEDO,cantabria,39,43.2333,-3.8333,196,
1135C,"LOS TOJOS, BÁRCENA MAYOR",cantabria,39,43.1333,-4.2,460,
1152C,SAN FELICES DE BUELNA,cantabria,39,43.2667,-4.0333,105,
1154H,"TORRELAVEGA, SIERRAPANDO",cantabria,39,43.35,-4.0167,110,
1159,SAN VICENTE DE LA BARQUERA,cantabria,39,43.3833,-4.3833,38,8017
1167B,"CAMALEÑO, FUENTE DE",cantabria,39,43.1333,-4.8,1100,
1167G,"MIRADOR DEL CABLE, PARQUE NACIONAL PICOS DE EUROPA",cantabria,39,43.15,-4.8,1910,
1167J,"CORISCAO, PARQUE NACIONAL PICOS DE EUROPA",cantabria,39,43.0833,-4.7667,1722,
1174I,"CILLÓRIGO DE LIÉBANA, TAMA",cantabria,39,43.1667,-4.6,250,
1176A,TRESVISO,cantabria,39,43.25,-4.6667,940,
1178R,"SOTRES, PARQUE NACIONAL PICOS DE EUROPA",asturias,33,43.2333,-4.7333,1236,
1178Y,"POSADA DE VALDEÓN, SOTO ",leon,24,43.1333,-4.9167,953,
1179B,CABRALES,asturias,33,43.3,-4.85,458,
1183X,LLANES,asturias,33,43.4167,-4.7333,10,8016
1186P,"AMIEVA, PANIZALES",asturias,33,43.25,-5.1167,370,
1199X,"PILOÑA, BARGAÉU",asturias,33,43.3667,-5.3833,280,
1203D,COLUNGA,asturias,33,43.4833,-5.2333,30,
1207U,"GIJÓN, CAMPUS",asturias,33,43.5167,-5.6167,26,8065
1208,GIJÓN,asturias,33,43.5333,-5.6333,3,
1208A,GIJÓN. LA MERCED,asturias,33,43.5333,-5.65,22,
1208H,"GIJÓN, PUERTO",asturias,33,43.55,-5.7,5,8014
1210X,CABO PEÑAS,asturias,33,43.65,-5.8333,100,8012
1212E,ASTURIAS AEROPUERTO,asturias,33,43.5667,-6.0333,127,8011
1221D,PAJARES-VALGRANDE,asturias,33,42.9667,-5.7667,1480,8031
1223P,"LENA, RONZÓN",asturias,33,43.1167,-5.8167,370,
1226X,"ALLER, FELECHOSA",asturias,33,43.0833,-5.4667,750,
1234P,"MIERES, BAIÑA",asturias,33,43.2667,-5.8167,170,
1249I,OVIEDO,asturias,33,43.35,-5.8667,336,8015
1249X,OVIEDO,asturias,33,43.35,-5.8667,334,8015
1272B,"TINEO, SOUTU",asturias,33,43.2833,-6.3833,280,
1276F,POLA DE SOMIEDO,asturias,33,43.1,-6.25,670,
1279X,"SALAS, CAMUÑO",asturias,33,43.4167,-6.2167,240,
1283U,CABO BUSTO,asturias,33,43.5667,-6.4667,60,8010
1297E,CERVANTES,lugo,27,42.7667,-7.0167,1020,
1302F,DEGAÑA,asturias,33,42.95,-6.4667,1310,
1309C,"IBIAS, SAN ANTOLIN",asturias,33,43.0167,-6.8833,780,
1327A,"VILLAYÓN, ONETA",asturias,33,43.45,-6.6667,410,
1331A,CASTROPOL,asturias,33,43.5167,-7.0167,40,8009
1341B,"TARAMUNDI, OURIA",asturias,33,43.4,-7.05,340,
1342X,RIBADEO,lugo,27,43.5333,-7.0667,43,
1344X,MONDOÑEDO,lugo,27,43.4167,-7.35,125,
1347T,BURELA,lugo,27,43.65,-7.35,80,
1351,ESTACA DE BARES,a coruna,15,43.7833,-7.6833,90,8004
1354C,FERROL,a coruna,15,43.4667,-8.25,4,8005
1363X,AS PONTES,a coruna,15,43.4333,-7.85,343,
1387,A CORUÑA,a coruna,15,43.35,-8.4167,57,8001
1387D,A CORUÑA BENS,a coruna,15,43.35,-8.4333,132,8000
1387E,A CORUÑA AEROPUERTO,a coruna,15,43.3,-8.3667,98,8002
1390X,"CARBALLO, DEPURADORA",a coruna,15,43.2,-8.7,98,
1393,CABO VILÁN,a coruna,15,43.15,-9.2,50,8006
1399,VIMIANZO,a coruna,15,43.05,-9.0333,287,
1400,FISTERRA,a coruna,15,42.9167,-9.2833,230,8040
1406X,MAZARICOS,a coruna,15,42.9333,-8.9833,340,
1410X,SOBRADO,a coruna,15,43.0333,-8.0167,500,
1428,SANTIAGO DE COMPOSTELA AEROPUERTO,a coruna,15,42.8833,-8.4,370,8042
1435C,NOIA,a coruna,15,42.8,-8.8667,128,
1437O,MONTE IROITE,a coruna,15,42.7167,-8.9167,685,8043
1442U,BOIRO,a coruna,15,42.6333,-8.8833,10,
1446X,MONTERROSO,lugo,27,42.8,-7.7667,680,
1455I,RODEIRO-VILAMAIOR,pontevedra,36,42.7,-7.95,645,
1465U,LALIN-CRISTIMIL,pontevedra,36,42.65,-8.1833,463,
1466A,SILLEDA,pontevedra,36,42.7,-8.25,435,
1468X,A ESTRADA,pontevedra,36,42.6833,-8.5,269,
1473A,PADRÓN,a coruna,15,42.7333,-8.6167,100,8039
1475X,SANTIAGO DE COMPOSTELA,a coruna,15,42.8667,-8.55,240,8041
1476R,"ROIS, CASAS DO PORTO",a coruna,15,42.7333,-8.7,210,
1477U,VILAGARCIA DE AROUSA,pontevedra,36,42.5667,-8.7667,36,
1477V,VILAGARCÍA DE AROUSA,pontevedra,36,42.5833,-8.7667,32,
1484,"PONTEVEDRA, INSTITUTO",pontevedra,36,42.4167,-8.6333,19,
1484C,PONTEVEDRA,pontevedra,36,42.4333,-8.6,113,8044
1486E,ESCUELA NAVAL DE MARÍN,pontevedra,36,42.3833,-8.7,3,8043
1489A,A LAMA,pontevedra,36,42.4,-8.45,395,
1495,VIGO AEROPUERTO,pontevedra,36,42.2333,-8.6167,255,8045
1496X,VIGO ,pontevedra,36,42.2167,-8.7167,120,
1505,LUGO AEROPUERTO,lugo,27,43.1,-7.45,442,8008
1518A,LUGO,lugo,27,42.9833,-7.55,442,
1521I,O PÁRAMO,lugo,27,42.8333,-7.4833,403,
1521X,BECERREÁ,lugo,27,42.85,-7.1833,1080,
1541B,VILLABLINO,leon,24,42.9167,-6.3333,958,
1542,PUERTO DE LEITARIEGOS,asturias,33,42.9833,-6.4,1530,8052
1549,PONFERRADA,leon,24,42.55,-6.6,532,8053
1561I,VEGA DE ESPINAREDA  ,leon,24,42.75,-6.6667,770,
1583X,O BARCO DE VALDEORRAS,ourense,32,42.4,-6.9833,315,
1631E,A POBRA DE TRIVES,ourense,32,42.3333,-7.2667,840,8051
1639X,CHANDREXA DE QUEIXA,ourense,32,42.25,-7.3833,990,
1658,FOLGOSO DO COUREL,lugo,27,42.5833,-7.1833,612,
1679A,MONFORTE DE LEMOS,lugo,27,42.5167,-7.5,291,
1690A,OURENSE,ourense,32,42.3167,-7.85,146,8048
1690B,"OURENSE,INSTITUTO",ourense,32,42.3167,-7.85,148,
1696O,BEARIZ,ourense,32,42.4667,-8.2667,610,
1700X,O CARBALLIÑO,ourense,32,42.4167,-8.0833,400,8047
1701X,RIBADAVIA,ourense,32,42.2833,-8.1167,112,
1706A,ALLARIZ,ourense,32,42.1667,-7.7833,492,
1719,A CAÑIZA,pontevedra,36,42.2167,-8.2667,560,
1723X,"PONTEAREAS, CANEDO   ",pontevedra,36,42.1667,-8.4833,90,
1730E,O ROSAL,pontevedra,36,41.9333,-8.8333,55,
1735X,XINZO DE LIMIA,ourense,32,42.0667,-7.7333,616,8050
1738U,MUIÑOS,ourense,32,41.9333,-7.9833,730,
1740,"SANTILLANA DEL MAR, ALTAMIRA",cantabria,39,43.3667,-4.1167,150,
2005Y,"VINUESA, QUINTANAREJO",soria,42,41.9667,-2.7667,1197,
2017Y,"LA PÓVEDA DE SORIA, BARRIOMARTÍN",soria,42,41.9833,-2.4833,1260,
2030,SORIA,soria,42,41.7667,-2.4667,1081,8148
2044B,LUBIA,soria,42,41.6,-2.5,1100,
2048A,MORÓN DE ALMAZÁN,soria,42,41.4167,-2.4167,978,
2059B,LA RIBA DE ESCALOTE,soria,42,41.3333,-2.7833,1042,
2084Y,UCERO,soria,42,41.7167,-3.0333,960,
2092,BURGO DE OSMA,soria,42,41.5833,-3.0833,932,
2096B,LICERAS,soria,42,41.3667,-3.25,1150,
2106B,CORUÑA DEL CONDE,burgos,9,41.7333,-3.3667,955,
2117D,ARANDA DE DUERO,burgos,9,41.65,-3.7333,790,8144
2135A,FRESNO DE CANTESPINO,segovia,40,41.3667,-3.5,993,
2140A,ALDEANUEVA DE SERREZUELA,segovia,40,41.45,-3.7833,1135,
2150H,"LA PINILLA, ESTACIÓN DE ESQUÍ",segovia,40,41.1833,-3.4667,1798,8143
2166Y,PEÑAFIEL,valladolid,47,41.5833,-4.1167,756,
2172Y,SARDÓN DE DUERO,valladolid,47,41.6,-4.4,725,
2182C,PEDRAZA,segovia,40,41.1333,-3.7833,1107,
2192C,CUÉLLAR,segovia,40,41.3833,-4.25,795,
2235U,CERVERA DE PISUERGA,palencia,34,42.8667,-4.5167,1140,8058
2243A,AGUILAR DE CAMPOO,palencia,34,42.7833,-4.2667,910,
2276B,VILLAELES DE VALDAVIA,palencia,34,42.5667,-4.5667,908,
2285B,VILLADIEGO,burgos,9,42.5167,-4.0,869,
2290Y,PEDROSA DEL PRÍNCIPE,burgos,9,42.25,-4.1833,771,
2296A,ÓLVEGA,soria,42,41.7667,-1.9667,1039,
2298,PALACIOS DE LA SIERRA,burgos,9,41.95,-3.1167,1080,8149
2302N,MONTERRUBIO DE LA DEMANDA,burgos,9,42.1333,-3.1,1197,
2311Y,VILLAMAYOR DE LOS MONTES,burgos,9,42.1,-3.7667,884,
2331,BURGOS AEROPUERTO,burgos,9,42.35,-3.6167,891,8075
2362C,"VELILLA DEL RÍO CARRIÓN, CAMPORREDONDO DE ALBA",palencia,34,42.8833,-4.7,1575,
2374X,CARRIÓN DE LOS CONDES,palencia,34,42.35,-4.6167,830,8068
2400E,AUTILLA DEL PINO,palencia,34,41.9833,-4.6,874,8072
2401,"PALENCIA, OBSERVATORIO",palencia,34,42.0,-4.5167,750,
2401X,PALENCIA,palencia,34,42.0,-4.55,736,
2422,VALLADOLID,valladolid,47,41.6333,-4.75,734,8141
2430Y,MUÑOTELLO,avila,5,40.5333,-5.0333,1178,
2444,ÁVILA,avila,5,40.65,-4.6667,1130,8210
2444C,"ÁVILA, AYUNTAMIENTO",avila,5,40.65,-4.7,1143,
2453E,GOTARRENDURA,avila,5,40.8167,-4.7333,920,
2456B,AREVALO,avila,5,41.0667,-4.7167,820,
2462,PUERTO DE NAVACERRADA,madrid,28,40.7833,-4.0,1893,8215
2465,SEGOVIA,segovia,40,40.9333,-4.1167,1008,8213
2465A,"SEGOVIA, INSTITUTO",segovia,40,40.9333,-4.1,990,
2471Y,SAN RAFAEL,segovia,40,40.7167,-4.2,1237,
2482B,MIGUELAÑEZ,segovia,40,41.1167,-4.3667,870,
2491C,"LA COVATILLA, ESTACIÓN DE ESQUÍ",salamanca,37,40.35,-5.6833,1960,8205
2503B,"OLMEDO, DEPÓSITO DE AGUA",valladolid,47,41.2667,-4.6833,786,
2503X,OLMEDO,valladolid,47,41.3167,-4.6833,740,8142
2507Y,RUEDA,valladolid,47,41.4167,-4.95,724,
2512Y,RIVILLA DE BARAJAS,avila,5,40.8667,-5.0167,925,
2517A,FUENTE EL SOL,valladolid,47,41.1667,-4.9333,755,
2536D,MORALES DEL TORO,zamora,49,41.5333,-5.2667,710,
2539,VALLADOLID AEROPUERTO,valladolid,47,41.7,-4.85,846,8140
2555B,FUENTESAUCO,zamora,49,41.2333,-5.4667,811,
2565,CORESES,zamora,49,41.55,-5.6167,702,
2568D,"SANTERVÁS DE LA VEGA, VILLAPÚN ",palencia,34,42.5167,-4.85,985,
2593D,VILLALÓN DE CAMPOS,valladolid,47,42.0833,-5.0333,782,
2604B,MEDINA DE RIOSECO,valladolid,47,41.8667,-5.0333,731,
2611D,VILLAFÁFILA,zamora,49,41.85,-5.5833,690,
2614,ZAMORA,zamora,49,41.5,-5.7333,656,8130
2624C,RIAÑO,leon,24,42.95,-5.0,1090,
2626Y,CUBILLAS DE RUEDA,leon,24,42.6167,-5.1833,916,
2630X,PUERTO DE SAN ISIDRO,leon,24,43.05,-5.3667,1510,8057
2661,"LEÓN, VIRGEN DEL CAMINO",leon,24,42.5833,-5.65,916,8055
2661B,LEÓN AEROPUERTO,leon,24,42.5833,-5.6333,912,8055
2664B,VALENCIA DE DON JUAN,leon,24,42.2833,-5.5,788,
2701D,"BARRIOS DE LUNA, MIÑERA",leon,24,42.8833,-5.8667,1120,
2728B,"QUINTANA DEL CASTILLO, VILLAMECA",leon,24,42.6333,-6.0667,995,
2734D,ASTORGA,leon,24,42.4667,-6.0667,919,
2737E,LAGUNAS DE SOMOZA,leon,24,42.3667,-6.1833,1020,8123
2742R,BUSTILLO DEL PÁRAMO,leon,24,42.45,-5.7667,850,
2755X,BENAVENTE,zamora,49,42.0,-5.6667,715,8056
2766E,"SANABRIA, ROBLEDA-CERVANTES",zamora,49,42.0667,-6.6333,910,
2775X,VILLARDECIERVOS,zamora,49,41.9333,-6.2667,850,8125
2777K,SANTIBAÑEZ DE VIDRIALES,zamora,49,42.0667,-6.0,737,
2789H,POZUELO DE TABARA,zamora,49,41.7833,-5.9,711,
2804F,VILLADEPERA,zamora,49,41.5333,-6.1333,790,
2811A,NAVARREDONDA DE GREDOS,avila,5,40.35,-5.1333,1525,8206
2828Y,BARCO DE AVILA,avila,5,40.35,-5.5167,1012,
2847X,PEDROSILLO DE LOS AIRES   ,salamanca,37,40.6667,-5.6333,865,
2863C,PEDRAZA DE ALBA  ,salamanca,37,40.7167,-5.35,897,
2867,SALAMANCA AEROPUERTO,salamanca,37,40.95,-5.4833,790,8202
2870,SALAMANCA,salamanca,37,40.95,-5.65,775,8201
2873X,BARBADILLO,salamanca,37,40.9,-5.7667,817,
2882D,PEÑAUSENDE,zamora,49,41.2333,-5.8833,1003,8135
2885K,FRESNO DE SAYAGO,zamora,49,41.3,-6.0167,804,
2891A,VILLARINO DE LOS AIRES,salamanca,37,41.25,-6.45,690,
2914C,BOADILLA FUENTE SAN ESTEBAN,salamanca,37,40.7833,-6.2,785,
2916A,VITIGUDINO,salamanca,37,41.0,-6.4333,769,8129
2918Y,EL MAÍLLO,salamanca,37,40.5667,-6.2167,1027,
2926B,BAÑOBÁREZ,salamanca,37,40.85,-6.6,748,
2930Y,NAVASFRÍAS,salamanca,37,40.2833,-6.8,880,
2945A,EL BODÓN BASE AÉREA,salamanca,37,40.4833,-6.5667,805,
2946X,SAELICES EL CHICO,salamanca,37,40.6333,-6.6,680,8195
2966D,ALCAÑICES  ,zamora,49,41.6833,-6.3,840,
2969U,A GUDIÑA,ourense,32,42.0167,-7.1667,910,
2978X,VERÍN,ourense,32,41.9167,-7.4167,380,
3013,MOLINA DE ARAGÓN,guadalajara,19,40.8333,-1.8667,1062,8232
3021Y,ZAOREJAS,guadalajara,19,40.75,-2.1833,1250,
3040Y,BETETA,cuenca,16,40.5667,-2.0667,1214,
3044X,CAÑIZARES,cuenca,16,40.5167,-2.15,928,8230
3085Y,PASTRANA,guadalajara,19,40.4,-2.95,920,
3094B,TARANCÓN,cuenca,16,40.0,-3.0167,808,8277
3099Y,OCAÑA,toledo,45,39.9333,-3.4833,733,
3100B,ARANJUEZ,madrid,28,40.0667,-3.5333,540,8229
3103,PANTANO EL VADO,guadalajara,19,41.0,-3.3,910,
3104Y,RASCAFRÍA,madrid,28,40.8833,-3.8833,1159,
3110C,BUITRAGO DEL LOZOYA,madrid,28,41.0,-3.6,1030,8146
3111D,SOMOSIERRA,madrid,28,41.1333,-3.5667,1450,8145
3125Y,SAN SEBASTIÁN DE LOS REYES,madrid,28,40.5333,-3.6167,672,
3126Y,"MADRID, EL GOLOSO",madrid,28,40.55,-3.7,740,
3129,MADRID AEROPUERTO,madrid,28,40.4667,-3.55,609,8221
3130C,SIGÜENZA,guadalajara,19,41.0833,-2.6167,1005,8150
3140Y,MANDAYONA,guadalajara,19,40.9833,-2.75,990,
3168A,"GUADALAJARA, INSTITUTO",guadalajara,19,40.6333,-3.1667,685,
3168C,"GUADALAJARA, EL SERRANILLO",guadalajara,19,40.65,-3.1667,639,8226
3168D,GUADALAJARA,guadalajara,19,40.6167,-3.15,727,8226
3170Y,ALCALA DE HENARES,madrid,28,40.5167,-3.2833,605,
3175,TORREJÓN DE ARDOZ,madrid,28,40.4833,-3.4333,607,8227
3182Y,ARGANDA DEL REY,madrid,28,40.3,-3.4833,533,
3191E,COLMENAR VIEJO,madrid,28,40.6833,-3.75,1004,8219
3194U,"MADRID, CIUDAD UNIVERSITARIA",madrid,28,40.45,-3.7167,664,8220
3194Y,POZUELO DE ALARCÓN,madrid,28,40.4333,-3.8,665,
3195,"MADRID, RETIRO",madrid,28,40.4,-3.6667,667,8222
3196,"MADRID, CUATRO VIENTOS",madrid,28,40.3667,-3.7833,690,8223
3200,GETAFE,madrid,28,40.2833,-3.7167,620,8224
3209Y,BRIHUEGA,guadalajara,19,40.75,-2.8667,835,
3229Y,TIELMES,madrid,28,40.2333,-3.3,594,
3245Y,TEMBLEQUE,toledo,45,39.6833,-3.5,635,
3254Y,MORA ,toledo,45,39.6833,-3.7667,717,
3259,"TOLEDO, LORENZANA",toledo,45,39.85,-4.0167,540,
3260B,TOLEDO,toledo,45,39.8833,-4.0333,513,8272
3266A,PUERTO ALTO DEL LEÓN,madrid,28,40.7,-4.1333,1532,8217
3268C,ALPEDRETE,madrid,28,40.65,-4.0167,924,
3298X,SAN PABLO DE LOS MONTES,toledo,45,39.5333,-4.35,917,8270
3305Y,NAVAHERMOSA,toledo,45,39.6167,-4.4667,750,
3319D,PUERTO DEL PICO,avila,5,40.3333,-5.0,1285,
3330Y,ROZAS DE PUERTO REAL,madrid,28,40.3,-4.4833,890,
3337U,CEBREROS,avila,5,40.4667,-4.45,850,
3338,ROBLEDO DE CHAVELA,madrid,28,40.4167,-4.2333,763,8212
3343Y,VALDEMORILLO,madrid,28,40.4833,-4.05,884,
3362Y,CASTILLO DE BAYUELA,toledo,45,40.1,-4.6667,560,
3365A,TALAVERA DE LA REINA,toledo,45,39.95,-4.85,372,8274
3386A,NAVALVILLAR DE IBOR,caceres,10,39.5833,-5.3833,923,
3391,SOTILLO DE LA ADRADA,avila,5,40.2833,-4.5833,630,8208
3422D,CANDELEDA,avila,5,40.1333,-5.3,350,
3423I,MADRIGAL DE LA VERA,caceres,10,40.15,-5.3667,464,
3427Y,OROPESA,toledo,45,39.9833,-5.1,345,
3434X,NAVALMORAL DE LA MATA,caceres,10,39.9333,-5.5667,269,8254
3436D,GARGANTA LA OLLA,caceres,10,40.1,-5.7833,690,
3448X,SERRADILLA,caceres,10,39.8167,-6.1167,406,
3455X,JARAICEJO,caceres,10,39.6667,-5.8,559,
3463X,TRUJILLO,caceres,10,39.4667,-5.85,503,8263
3463Y,TRUJILLO,caceres,10,39.45,-5.8667,523,8263
3469,"CÁCERES, CIUDAD",caceres,10,39.4667,-6.3667,459,
3469A,CÁCERES,caceres,10,39.4667,-6.3333,394,8261
3475X,CAÑAVERAL,caceres,10,39.7833,-6.3667,373,
3494U,NUÑOMORAL,caceres,10,40.4,-6.2333,470,
3503,GUIJO DE GRANADILLA,caceres,10,40.1833,-6.1667,393,
3504X,HERVÁS,caceres,10,40.25,-5.85,724,
3512X,MONTEHERMOSO,caceres,10,40.0667,-6.3333,351,
3514B,TORNAVACAS,caceres,10,40.25,-5.6667,991,
3516X,PIORNAL,caceres,10,40.1167,-5.8167,1260,
3519X,PLASENCIA,caceres,10,40.0333,-6.0833,415,8252
3526X,CORIA,caceres,10,40.0,-6.55,313,8251
3531X,TORRECILLA DE LOS ANGELES,caceres,10,40.25,-6.4,459,
3536X,HOYOS,caceres,10,40.1667,-6.7167,560,
3540X,ZARZA LA MAYOR,caceres,10,39.8667,-6.85,336,
3547X,VALVERDE DEL FRESNO,caceres,10,40.2,-6.8833,450,
3562X,ALISEDA,caceres,10,39.4167,-6.7333,321,
3565X,BROZAS,caceres,10,39.6167,-6.7333,425,
3576X,VALENCIA DE ALCÁNTARA,caceres,10,39.4,-7.2167,444,8260
4007Y,OSSA DE MONTIEL,albacete,2,38.95,-2.7333,905,
4051Y,ALCÁZAR DEL REY,cuenca,16,40.05,-2.8,875,
4061X,QUINTANAR DE LA ORDEN,toledo,45,39.5833,-3.0333,692,8275
4064Y,ALCAZAR DE SAN JUAN,ciudad real,13,39.3833,-3.2,640,
4067,MADRIDEJOS,toledo,45,39.4833,-3.5167,690,8273
4070Y,ABIA DE OBISPALIA,cuenca,16,40.0167,-2.3833,1020,
4075Y,VILLARES DEL SAZ,cuenca,16,39.8333,-2.5,870,
4089A,ALBERCA DE ZANCARA,cuenca,16,39.5167,-2.4833,858,
4090Y,SAN CLEMENTE,cuenca,16,39.4167,-2.4167,728,8256
4091Y,VILLARROBLEDO,albacete,2,39.25,-2.5833,718,
4093Y,OSA DE LA VEGA ,cuenca,16,39.65,-2.75,763,
4095Y,BELMONTE,cuenca,16,39.55,-2.7,745,
4096Y,MUNERA,albacete,2,39.0,-2.4833,918,
4103X,TOMELLOSO,ciudad real,13,39.1667,-3.0,662,8276
4116I,ALMAGRO / FAMET,ciudad real,13,38.95,-3.7333,626,8349
4121,CIUDAD REAL,ciudad real,13,38.9833,-3.9167,626,8348
4121C,"CIUDAD REAL, INSTITUTO",ciudad real,13,38.9833,-3.9167,627,
4138Y,VILLANUEVA DE LOS INFANTES,ciudad real,13,38.7333,-3.0,900,
4147X,VALDEPEÑAS,ciudad real,13,38.75,-3.3833,700,8351
4148,VISO DEL MARQUÉS,ciudad real,13,38.5167,-3.5667,804,8345
4193Y,EL ROBLEDO,ciudad real,13,39.2167,-4.2667,587,
4195E,"ALCORNOQUERA, PARQUE NACIONAL CABAÑEROS",ciudad real,13,39.3167,-4.3833,651,
4210Y,ABENÓJAR,ciudad real,13,38.8833,-4.2833,718,
4220X,PUEBLA DE DON RODRIGO,ciudad real,13,39.0833,-4.6167,531,8271
4236Y,PUERTO REY ,caceres,10,39.45,-5.0167,689,
4244X,HERRERA DEL DUQUE,badajoz,6,39.1667,-5.05,447,8264
4245X,GUADALUPE,caceres,10,39.45,-5.3167,660,
4260,PERALEDA DEL ZAUCEJO,badajoz,6,38.4667,-5.5667,542,
4263X,VALSEQUILLO,cordoba,14,38.4,-5.35,575,
4267X,HINOJOSA DEL DUQUE,cordoba,14,38.4833,-5.1167,551,8335
4300Y,ALMADÉN,ciudad real,13,38.7667,-4.8333,535,
4325Y,CASTUERA,badajoz,6,38.7333,-5.5167,459,
4339X,CAÑAMERO,caceres,10,39.3,-5.3667,590,
4340,NAVALVILLAR DE PELA,badajoz,6,39.1,-5.45,313,
4347X,ZORITA,caceres,10,39.2667,-5.7,413,
4358X,DON BENITO,badajoz,6,38.95,-5.8667,273,8333
4362X,RETAMAL DE LLERENA,badajoz,6,38.5667,-5.8333,474,
4386B,LLERENA,badajoz,6,38.2167,-6.0167,655,8336
4395X,VILLAFRANCA DE LOS BARROS,badajoz,6,38.55,-6.3,430,
4410X,MÉRIDA,badajoz,6,38.9,-6.3833,228,8331
4411C,ALCUESCAR,caceres,10,39.1833,-6.2167,467,
4427X,ZAFRA,badajoz,6,38.4167,-6.4333,433,
4436Y,ALMENDRALEJO,badajoz,6,38.6833,-6.35,371,
4452,BADAJOZ AEROPUERTO,badajoz,6,38.8833,-6.8,186,8330
4464X,ALBURQUERQUE,badajoz,6,39.1667,-6.9833,283,
4468X,PUEBLA DE OBANDO,badajoz,6,39.1667,-6.6,392,
4478X,BADAJOZ,badajoz,6,38.8833,-7.0,174,8329
4486X,OLIVENZA,badajoz,6,38.6833,-7.0833,275,
4489X,ALCONCHEL,badajoz,6,38.4833,-7.2667,170,
4492F,BARCARROTA,badajoz,6,38.4667,-6.9167,377,
4497X,VILLANUEVA DEL FRESNO,badajoz,6,38.3667,-7.15,247,
4499X,MONESTERIO,badajoz,6,38.0667,-6.2667,771,
4501X,FUENTE DE CANTOS,badajoz,6,38.2,-6.3,602,
4511C,JEREZ DE LOS CABALLEROS,badajoz,6,38.2833,-6.75,381,8337
4520X,FREGENAL DE LA SIERRA,badajoz,6,38.1667,-6.65,586,
4527X,AROCHE,huelva,21,37.9667,-6.9667,267,
4541X,EL GRANADO,huelva,21,37.55,-7.5167,60,
4549Y,AYAMONTE,huelva,21,37.1833,-7.3833,3,8381
4554X,CARTAYA,huelva,21,37.2167,-7.0833,15,
4560Y,ALAJAR,huelva,21,37.8667,-6.6667,572,8380
4575X,VALVERDE DEL CAMINO,huelva,21,37.5667,-6.7667,280,
4584X,EL CERRO DE ANDÉVALO,huelva,21,37.7167,-6.9333,270,
4589X,"ALOSNO, THARSIS",huelva,21,37.5833,-7.1167,276,
4605,HUELVA,huelva,21,37.25,-6.9333,17,
4608X,EL CAMPILLO,huelva,21,37.6667,-6.6167,415,
4622X,VILLARRASA,huelva,21,37.45,-6.6333,145,
4642E,"HUELVA, RONDA ESTE",huelva,21,37.2667,-6.9,18,8383
5000A,"CEUTA, MONTE HACHO",ceuta,51,35.8833,-5.2833,200,
5000C,CEUTA,ceuta,51,35.8833,-5.3333,87,60320
5038X,CAZORLA,jaen,23,37.9,-3.0,782,8353
5038Y,CAZORLA,jaen,23,37.9,-3.0,799,
5047E,BAZA,granada,18,37.5,-2.7333,785,8424
5051X,HUÉSCAR,granada,18,37.85,-2.65,1100,8423
5060X,VÉLEZ BLANCO - TOPARES,almeria,4,37.85,-2.2167,1190,
5103E,"CAMARATE 2, PARQUE NACIONAL SIERRA NEVADA",granada,18,37.15,-3.25,2152,
5103F,"CAMARATE, PARQUE NACIONAL SIERRA NEVADA",granada,18,37.1833,-3.25,1534,
5107D,DÓLAR,granada,18,37.1667,-2.9833,1197,
5164B,BAEZA,jaen,23,37.9833,-3.45,771,
5165X,TORRES,jaen,23,37.7667,-3.55,910,
5181D,ARROYO DEL OJANCO,jaen,23,38.3,-2.8833,580,8352
5192,VILLARRODRIGO,jaen,23,38.4833,-2.6333,862,8354
5210X,VILLANUEVA DEL ARZOBISPO,jaen,23,38.1667,-2.9833,680,
5246,SANTA ELENA,jaen,23,38.3333,-3.5333,770,8350
5270,"JAÉN, INSTITUTO",jaen,23,37.7667,-3.7833,510,
5270B,JAÉN,jaen,23,37.7667,-3.8,580,8417
5279X,LINARES,jaen,23,38.15,-3.6167,515,
5281X,BAILÉN,jaen,23,38.0833,-3.7667,345,
5298X,ANDÚJAR,jaen,23,38.0167,-4.05,202,8347
5304Y,PUERTOLLANO,ciudad real,13,38.6667,-4.05,665,
5341C,FUENCALIENTE,ciudad real,13,38.4167,-4.3,710,
5346X,CARDEÑA,cordoba,14,38.1833,-4.2667,720,
5361X,MONTORO,cordoba,14,38.0,-4.3167,155,
5390Y,VILLANUEVA DE CÓRDOBA,cordoba,14,38.3167,-4.6,750,8346
5394X,"CÓRDOBA, EMBALSE DE GUADANUÑO",cordoba,14,38.0167,-4.7833,525,
5402,CÓRDOBA AEROPUERTO,cordoba,14,37.8333,-4.8333,90,8410
5406X,ALCALÁ LA REAL,jaen,23,37.4833,-3.9,908,
5412X,PRIEGO DE CÓRDOBA,cordoba,14,37.4833,-4.2,550,
5427X,DOÑA MENCÍA,cordoba,14,37.55,-4.35,650,8412
5429X,"CÓRDOBA, PRÁGDENA",cordoba,14,37.8,-4.45,275,
5459X,ESPIEL,cordoba,14,38.1,-4.9167,465,
5470,FUENTE PALMERA,cordoba,14,37.75,-5.1,120,
5473X,AZUAGA,badajoz,6,38.2667,-5.6833,581,
5511,"PRADOLLANO, PARQUE NACIONAL SIERRA NEVADA",granada,18,37.05,-3.3667,3092,
5514,GRANADA BASE AÉREA,granada,18,37.1333,-3.6167,687,8420
5514Z,GRANADA BASE AÉREA,granada,18,37.1333,-3.6333,695,8420
5515D,VÍZNAR,granada,18,37.2333,-3.55,1258,8421
5515X,GRANADA-CARTUJA,granada,18,37.1833,-3.5833,775,
5516D,SIERRA NEVADA 'RADIOTELESCOPIO',granada,18,37.05,-3.3833,2856,8980
5530E,GRANADA AEROPUERTO,granada,18,37.1833,-3.7833,560,8419
5582A,LOJA,granada,18,37.15,-4.15,760,8414
5598X,BENAMEJÍ,cordoba,14,37.2167,-4.5333,465,
5612B,LA RODA DE ANDALUCÍA,sevilla,41,37.1833,-4.7667,410,8399
5612X,LORA DE ESTEPA,sevilla,41,37.2667,-4.8167,450,
5624X,AGUILAR DE LA FRONTERA,cordoba,14,37.4667,-4.6833,309,
5625X,LA RAMBLA,cordoba,14,37.6333,-4.75,200,
5641X,ÉCIJA,sevilla,41,37.5,-5.0833,130,8395
5654X,LA PUEBLA DE LOS INFANTES,sevilla,41,37.7833,-5.3667,200,
5656,FUENTES DE ANDALUCÍA,sevilla,41,37.4833,-5.4167,165,
5702X,CARMONA,sevilla,41,37.55,-5.7333,50,
5704B,CAZALLA DE LA SIERRA,sevilla,41,37.9167,-5.7667,550,8392
5726X,GUADALCANAL,sevilla,41,38.0833,-5.8167,720,
5733X,ALMADÉN DE LA PLATA,sevilla,41,37.7833,-6.0667,450,
5769X,CALA,huelva,21,37.9667,-6.3167,618,
5783,SEVILLA AEROPUERTO,sevilla,41,37.4167,-5.8667,34,8391
5788X,"TOMARES, ZAUDÍN",sevilla,41,37.35,-6.05,84,
5790Y,"SEVILLA, TABLADA",sevilla,41,37.35,-6.0,9,
5796,MORÓN DE LA FRONTERA,sevilla,41,37.15,-5.6,87,8397
5835X,CARRIÓN DE LOS CÉSPEDES,sevilla,41,37.35,-6.3333,76,
5858X,ALMONTE,huelva,21,36.9833,-6.4333,5,
5860E,"MOGUER, EL ARENOSILLO",huelva,21,37.0833,-6.7333,41,8384
5891X,LAS CABEZAS DE SAN JUAN,sevilla,41,36.95,-5.8333,105,
5906X,CHIPIONA,cadiz,11,36.75,-6.4,10,
5910,"ROTA, BASE NAVAL",cadiz,11,36.6333,-6.3167,21,8449
5911A,GRAZALEMA,cadiz,11,36.75,-5.3667,913,8455
5919X,OLVERA,cadiz,11,36.9167,-5.25,530,
5941X,EL BOSQUE,cadiz,11,36.7167,-5.5,295,
5950X,SAN JOSÉ DEL VALLE,cadiz,11,36.65,-5.7667,105,
5960,JEREZ DE LA FRONTERA AEROPUERTO,cadiz,11,36.75,-6.05,27,8451
5972X,SAN FERNANDO,cadiz,11,36.45,-6.2,28,8453
5973,CÁDIZ,cadiz,11,36.4833,-6.25,2,8452
5983X,MEDINA SIDONIA,cadiz,11,36.4,-5.9167,70,
5995B,VEJER DE LA FRONTERA,cadiz,11,36.2333,-5.95,186,8457
5996B,BARBATE,cadiz,11,36.1833,-5.9,4,
5998X,OSUNA,sevilla,41,37.2333,-5.1,255,
6000A,MELILLA,melilla,52,35.2667,-2.95,52,60338
6001,TARIFA,cadiz,11,36.0,-5.5833,32,8458
6032B,RONDA,malaga,29,36.7333,-5.1667,766,8443
6032X,RONDA INSTITUTO,malaga,29,36.7333,-5.1667,760,
6040X,CORTES DE LA FRONTERA,malaga,29,36.5333,-5.3833,315,
6042I,JIMENA DE LA FRONTERA,cadiz,11,36.4333,-5.3833,42,
6045X,ALPANDEIRE,malaga,29,36.6167,-5.2,676,
6050X,GAUCÍN,malaga,29,36.5167,-5.3167,594,
6056X,SAN ROQUE  ,cadiz,11,36.2667,-5.2833,1,
6057X,MANILVA,malaga,29,36.3667,-5.25,140,
6058I,ESTEPONA,malaga,29,36.4167,-5.15,19,8463
6069X,BENAHAVÍS,malaga,29,36.5333,-5.0167,392,
6076X,"MARBELLA, PUERTO",malaga,29,36.4833,-4.95,2,
6083X,MARBELLA,malaga,29,36.4667,-4.7333,2,
6084X,FUENGIROLA,malaga,29,36.5333,-4.6167,8,8480
6088X,TORREMOLINOS,malaga,29,36.6167,-4.5,85,
6100B,ANTEQUERA AYUNTAMIENTO (AUTOMÁTICA THIES),malaga,29,37.0167,-4.55,515,
6106X,ANTEQUERA,malaga,29,37.0167,-4.7333,408,8413
6127X,ÁLORA,malaga,29,36.85,-4.6833,172,
6143X,COÍN,malaga,29,36.65,-4.75,230,
6155A,MÁLAGA AEROPUERTO,malaga,29,36.65,-4.4667,7,8482
6156X,"MÁLAGA, CENTRO METEOROLÓGICO",malaga,29,36.7167,-4.4667,54,8481
6172O,"MÁLAGA, PUERTO",malaga,29,36.7,-4.4167,25,8479
6172X,MÁLAGA,malaga,29,36.7,-4.4167,25,
6175X,RINCÓN DE LA VICTORIA,malaga,29,36.7,-4.2833,7,
6199X,VÉLEZ-MÁLAGA,malaga,29,36.7667,-4.0833,41,
6201X,ALGARROBO,malaga,29,36.75,-4.0333,35,
6205X,TORROX,malaga,29,36.7167,-3.95,3,8484
6213X,NERJA,malaga,29,36.75,-3.8333,169,
6248D,"CAÑAR, PARQUE NACIONAL SIERRA NEVADA",granada,18,36.95,-3.4167,1732,
6258X,LANJARÓN,granada,18,36.9167,-3.4833,708,
6267X,SALOBREÑA,granada,18,36.7333,-3.5667,20,
6268X,MOTRIL,granada,18,36.7167,-3.5167,12,8485
6268Y,"MOTRIL, PUERTO",granada,18,36.7167,-3.5167,3,
6272X,CASTELL DE FERRO,granada,18,36.7333,-3.3667,235,
6277B,ADRA,almeria,4,36.7333,-3.0167,8,8486
6281X,VÁLOR,granada,18,37.0,-3.0667,1020,
6291B,EL EJIDO,almeria,4,36.7667,-2.8,98,
6293X,ROQUETAS DE MAR,almeria,4,36.6833,-2.7,3,8492
6297,ALMERÍA,almeria,4,36.8167,-2.45,7,
6299I,"LAGUNA SECA, PARQUE NACIONAL SIERRA NEVADA",granada,18,37.0833,-2.95,2300,
6302A,ABLA,almeria,4,37.1333,-2.7667,869,8427
6307C,"LAÚJAR, PARQUE NACIONAL SIERRA NEVADA",almeria,4,37.05,-2.8833,1713,
6307X,LÁUJAR DE ANDARAX,almeria,4,37.0167,-2.9,1510,
6312E,"RÁGOL, PARQUE NACIONAL SIERRA NEVADA",almeria,4,37.0167,-2.6667,601,
6325O,ALMERÍA AEROPUERTO,almeria,4,36.8333,-2.35,21,8487
6329X,CABO DE GATA,almeria,4,36.7167,-2.1833,42,
6332X,CARBONERAS,almeria,4,36.9667,-1.9,16,8488
6332Y,CARBONERAS,almeria,4,36.9333,-1.9,222,8488
6335O,"NACIMIENTO, PARQUE NACIONAL SIERRA NEVADA",almeria,4,37.1,-2.6833,970,
6340X,"GARRUCHA, PUERTO",almeria,4,37.1667,-1.8,7,
6364X,ALBOX,almeria,4,37.4,-2.15,508,
6367B,HUÉRCAL-OVERA,almeria,4,37.3833,-1.9333,300,8428
6375X,FUENTE DE PIEDRA,malaga,29,37.1167,-4.7333,420,
6381,ALBORÁN,almeria,4,35.9333,-3.0333,15,8490
7002Y,ÁGUILAS,murcia,30,37.4167,-1.5833,32,8432
7007Y,MAZARRÓN,murcia,30,37.5833,-1.2167,66,
7012C,CARTAGENA,murcia,30,37.6,-0.9833,17,8434
7012D,CARTAGENA,murcia,30,37.6,-1.0167,56,8434
7019X,CARTAGENA/SALINAS CABO PALOS,murcia,30,37.6333,-0.7,3,
7020C,MURCIA AEROPUERTO,murcia,30,37.8,-1.1167,205,
7023X,FUENTE ÁLAMO DE MURCIA,murcia,30,37.7167,-1.1667,140,
7026X,TORRE-PACHECO,murcia,30,37.7333,-0.9667,50,
7031,SAN JAVIER AEROPUERTO,murcia,30,37.7833,-0.8,4,8433
7031X,SAN JAVIER AEROPUERTO,murcia,30,37.7667,-0.8,4,8433
7066Y,"YESTE, EMBALSE FUENSANTA",albacete,2,38.3833,-2.2167,680,
7067Y,NERPIO,albacete,2,38.0833,-2.4,1485,
7072Y,YESTE,albacete,2,38.2833,-2.2833,960,
7080X,MORATALLA,murcia,30,38.2667,-1.9833,955,
7096B,HELLÍN,albacete,2,38.5333,-1.7,605,8355
7103Y,TOBARRA,albacete,2,38.5833,-1.6833,615,
7119B,CARAVACA DE LA CRUZ,murcia,30,38.1,-1.8667,643,8365
7121A,CALASPARRA,murcia,30,38.2333,-1.7,350,
7127X,BULLAS,murcia,30,38.0333,-1.6833,690,
7138B,JUMILLA,murcia,30,38.45,-1.3333,485,
7145D,CIEZA,murcia,30,38.2167,-1.3667,265,8363
7158X,ARCHENA,murcia,30,38.1167,-1.3,150,
7172X,MULA,murcia,30,38.0333,-1.4333,255,
7178I,MURCIA,murcia,30,38.0,-1.1667,62,8430
7195X,"CARAVACA DE LA CRUZ, LOS ROYOS",murcia,30,37.9167,-2.05,985,
7203A,"LORCA, ZARCILLA DE RAMOS",murcia,30,37.8333,-1.8667,646,
7209,LORCA,murcia,30,37.65,-1.6833,312,8426
7211B,PUERTO LUMBRERAS,murcia,30,37.5667,-1.7833,445,
7218Y,TOTANA,murcia,30,37.75,-1.5,281,
7227X,ALHAMA DE MURCIA,murcia,30,37.85,-1.3333,157,
7228,"ALCANTARILLA, BASE AÉREA",murcia,30,37.95,-1.2167,75,8429
7237E,MOLINA DE SEGURA,murcia,30,38.1333,-1.15,170,
7244X,ORIHUELA,alicante,3,38.0667,-0.9667,26,
7247X,EL PINÓS/PINOSO,alicante,3,38.3833,-1.0333,575,8357
7250C,ABANILLA,murcia,30,38.1833,-1.0333,174,
7261X,ROJALES,alicante,3,38.0833,-0.7,31,8367
7275C,YECLA,murcia,30,38.6,-1.15,640,8356
8005X,FONTANARS DELS ALFORINS,valencia,46,38.7667,-0.7833,622,
8008Y,VILLENA,alicante,3,38.5667,-0.85,486,
8013X,NOVELDA,alicante,3,38.3833,-0.75,233,
8018X,ELX/ELCHE,alicante,3,38.2833,-0.6667,110,
8019,ALICANTE-ELCHE AEROPUERTO,alicante,3,38.2667,-0.5667,43,8360
8025,ALACANT/ALICANTE,alicante,3,38.3667,-0.4833,81,8359
8036Y,BENIDORM,alicante,3,38.5333,-0.1333,36,
8050X,JÁVEA/ XÀBIA,alicante,3,38.7833,0.1667,15,8370
8057C,PEGO,alicante,3,38.8333,-0.1167,60,
8058X,OLIVA,valencia,46,38.9167,-0.0833,5,8282
8058Y,MIRAMAR,valencia,46,38.95,-0.1333,12,
8059C,ALCOI/ALCOY,alicante,3,38.7,-0.45,530,
8072Y,BARX,valencia,46,39.0167,-0.3,340,
8084Y,PANTANO DE LA TOBA (AUTOMATICA),cuenca,16,40.2167,-1.9167,1154,
8096,CUENCA,cuenca,16,40.0667,-2.1167,949,8231
8155Y,MOTILLA DEL PALANCAR,cuenca,16,39.55,-1.9,830,
8175,ALBACETE BASE AÉREA,albacete,2,38.95,-1.85,702,8280
8177A,CHINCHILLA,albacete,2,38.9333,-1.65,880,8278
8178D,ALBACETE,albacete,2,39.0,-1.85,674,8279
8193E,JALANCE,valencia,46,39.2,-1.0833,372,
8198Y,ALMANSA,albacete,2,38.85,-1.05,710,
8203O,ZARRA,valencia,46,39.0667,-1.1,855,8283
8210Y,SALVACAÑETE,cuenca,16,40.1,-1.5,1160,
8245Y,MIRA,cuenca,16,39.7,-1.4333,815,
8270X,BICORP,valencia,46,39.1333,-0.7833,305,
8283X,ONTINYENT,valencia,46,38.8167,-0.6,350,
8293X,XÀTIVA,valencia,46,39.0,-0.5167,88,8290
8300X,CARCAIXENT,valencia,46,39.1,-0.4333,25,
8309X,UTIEL,valencia,46,39.5667,-1.2333,758,8281
8325X,POLINYÀ DE XÚQUER,valencia,46,39.1833,-0.3667,12,8287
8337X,TURÍS,valencia,46,39.3833,-0.6167,186,
8354X,ALBARRACÍN,teruel,44,40.4167,-1.4333,1130,
8368U,TERUEL,teruel,44,40.35,-1.1167,902,8235
8376,JABALOYAS,teruel,44,40.2333,-1.4,1430,
8381X,ADEMUZ,valencia,46,40.05,-1.2833,705,
8395X,CHELVA,valencia,46,39.75,-0.9833,515,
8409X,LLÍRIA,valencia,46,39.65,-0.65,198,
8414A,VALENCIA AEROPUERTO,valencia,46,39.4833,-0.4667,56,8284
8416,VALÈNCIA,valencia,46,39.4667,-0.35,11,8285
8416X,"VALENCIA, UPV",valencia,46,39.4667,-0.3333,6,
8416Y,"VALÈNCIA, VIVEROS",valencia,46,39.4667,-0.35,11,8285
8439X,SEGORBE,castellon,12,39.7833,-0.4833,400,
8446Y,SAGUNT/SAGUNTO,valencia,46,39.7,-0.25,24,
8458X,CEDRILLAS,teruel,44,40.4167,-0.8333,1380,
8472A,MONTANEJOS,castellon,12,40.0833,-0.5333,601,
8486X,MOSQUERUELA,teruel,44,40.35,-0.45,1515,
8489X,VILLAFRANCA DEL CID/VILAFRANCA,castellon,12,40.4167,-0.25,1130,8241
8492X,ATZENETA DEL MAESTRAT,castellon,12,40.2167,-0.1667,420,
8500A,CASTELLÓ - ALMASSORA,castellon,12,39.95,-0.0667,43,8286
8501,CASTELLÓ DE LA PLANA,castellon,12,39.9833,-0.0167,23,
8503Y,TORREBLANCA,castellon,12,40.2,0.1833,35,
8520X,LA POBLA DE BENIFASSÀ-FREDES,castellon,12,40.6833,0.15,1165,
8523X,VINARÒS,castellon,12,40.55,0.4167,111,8239
9001D,REINOSA,cantabria,39,42.9833,-4.15,870,8032
9001S,ALTO CAMPOO,cantabria,39,43.0333,-4.3667,1650,8061
9012E,SANTA GADEA DE ALFOZ,burgos,9,42.95,-3.95,915,
9016X,"VALDERREDIBLE, CUBILLO DE EBRO",cantabria,39,42.8,-4.0167,770,
9019B,"VALDERREDIBLE, POLIENTES   ",cantabria,39,42.8,-3.9333,720,8033
9027X,SARGENTES DE LA LORA,burgos,9,42.7333,-3.8833,1017,
9031C,BRIVIESCA,burgos,9,42.55,-3.3,730,
9051,MEDINA DE POMAR,burgos,9,42.9167,-3.4667,580,8063
9060X,LALASTRA,araba,1,42.8667,-3.2167,910,
9069C,MIRANDA DE EBRO,burgos,9,42.6833,-2.95,460,
9073X,"AGURAIN/SALVATIERRA, OPAKUA",araba,1,42.8167,-2.35,660,
9087,VITORIA AERÓDROMO,araba,1,42.8333,-2.65,521,
9091O,FORONDA-TXOKIZA,araba,1,42.8667,-2.7333,513,8080
9091R,VITORIA-GASTEIZ AEROPUERTO,araba,1,42.8667,-2.7167,513,8080
9111,BELORADO,burgos,9,42.4167,-3.1667,820,8077
9115X,VALDEZCARAY,la rioja,26,42.25,-2.9667,1630,
9121X,HARO,la rioja,26,42.5667,-2.85,465,
9122I,LABASTIDA,araba,1,42.6,-2.7667,612,
9136X,"ANGUIANO, VALVANERA",la rioja,26,42.2167,-2.8667,1006,
9141V,NÁJERA,la rioja,26,42.4,-2.7167,500,
9145X,LEZA,araba,1,42.5667,-2.6167,575,
9145Y,CENICERO,la rioja,26,42.4667,-2.6333,429,
9170,"LOGROÑO, AEROPUERTO",la rioja,26,42.45,-2.3167,353,8084
9171K,LOS ARCOS,navarra,31,42.5667,-2.1833,470,
9178X,CAMPEZO/KANPEZU,araba,1,42.6667,-2.3333,570,
9188,ENCISO,la rioja,26,42.1333,-2.2667,855,
9195C,ASTÚN- LA RACA,huesca,22,42.7833,-0.5,2276,8909
9198X,CANFRANC,huesca,22,42.7333,-0.5,1197,
9201K,JACA,huesca,22,42.5667,-0.5333,823,8091
9201X,JACA,huesca,22,42.5667,-0.5333,832,8091
9207,"VALLE DE HECHO, HECHO",huesca,22,42.7333,-0.75,860,
9208E,ARAGÜÉS DEL PUERTO,huesca,22,42.7,-0.6667,1025,8095
9211F,"BAILO, PUYALTO",huesca,22,42.5,-0.8167,722,
9218A,ISABA/IZABA,navarra,31,42.85,-0.9167,838,
9228J,OROZ-BETELU/OROTZ-BETELU,navarra,31,42.8833,-1.3,635,
9228T,RONCESVALLES/ORREAGA,navarra,31,43.0,-1.3167,947,
9238X,NAVASCUÉS/NABASKOZE,navarra,31,42.7167,-1.1167,612,
9244X,SOS DEL REY CATÓLICO,zaragoza,50,42.4833,-1.2,626,8090
9245X,CÁSEDA,navarra,31,42.5167,-1.35,440,
9252X,OLITE/ERRIBERRI,navarra,31,42.4833,-1.65,390,
9257X,"ESTERIBAR, EMBALSE DE EUGI",navarra,31,42.9667,-1.5167,615,
9262,PAMPLONA,navarra,31,42.8167,-1.6333,450,
9262P,MONREAL/ELO,navarra,31,42.7,-1.4833,585,
9263D,"PAMPLONA, AEROPUERTO",navarra,31,42.7667,-1.65,459,8085
9263X,"ARANGUREN, ILUNDAIN  ",navarra,31,42.7667,-1.5167,572,8089
9274X,IRURTZUN,navarra,31,42.9167,-1.8333,432,
9280B,LARRAGA,navarra,31,42.5333,-1.85,375,
9283X,CADREITA,navarra,31,42.2,-1.7,268,8153
9287A,SAN PEDRO MANRIQUE,soria,42,42.0167,-2.2167,1096,
9293X,"ALFARO, LA PLANA",la rioja,26,42.1667,-1.7333,371,
9294E,"BARDENAS REALES, BASE AÉREA",navarra,31,42.1833,-1.4667,295,8087
9299X,TARAZONA,zaragoza,50,41.9,-1.7167,475,
9301X,MONTEAGUDO,navarra,31,41.95,-1.6833,410,
9302Y,TUDELA,navarra,31,42.05,-1.6,297,
9321X,EJEA DE LOS CABALLEROS,zaragoza,50,42.1167,-1.1333,321,
9336D,CASTEJON DE VALDEJASA,zaragoza,50,41.9833,-0.9833,543,
9344C,ARCOS DE JALÓN,soria,42,41.2,-2.2833,863,
9352A,ALMAZUL,soria,42,41.5667,-2.1333,1000,
9354X,ALHAMA DE ARAGON,zaragoza,50,41.2833,-1.8833,703,
9374X,SANTA EULALIA DEL CAMPO,teruel,44,40.5667,-1.3167,1000,
9377Y,EL PEDREGAL,guadalajara,19,40.7667,-1.5667,1185,
9381,"CALAMOCHA, AERÓDROMO",teruel,44,40.85,-1.3,932,
9381I,CALAMOCHA,teruel,44,40.9167,-1.2833,884,8233
9390,DAROCA,zaragoza,50,41.1,-1.4,774,8157
9394X,CALATAYUD,zaragoza,50,41.3167,-1.6333,582,8156
9427X,LA ALMUNIA DE DOÑA GODINA,zaragoza,50,41.4667,-1.3667,370,
9434,"ZARAGOZA, AEROPUERTO",zaragoza,50,41.65,-1.0,249,8160
9434P,"ZARAGOZA, VALDESPARTERA",zaragoza,50,41.6167,-0.9333,258,8159
9436X,FONFRÍA,teruel,44,40.9833,-1.0833,1255,
9445L,"FORMIGAL, SARRIOS",huesca,22,42.75,-0.3833,1800,8096
9451F,"PANTICOSA, PETROSOS",huesca,22,42.7,-0.2667,1850,8915
9453X,"BIESCAS, EMBALSE DE BÚBAL",huesca,22,42.6833,-0.3167,1100,
9460X,SABIÑÁNIGO,huesca,22,42.5,-0.35,775,
9491X,ALMUDÉVAR,huesca,22,42.0167,-0.5833,390,
9495Y,LECIÑENA,zaragoza,50,41.7833,-0.6167,405,
9501X,VALMADRID ,zaragoza,50,41.4333,-0.8833,535,
9510X,QUINTO,zaragoza,50,41.4167,-0.5,205,
9513X,MUNIESA,teruel,44,41.0167,-0.8,800,
9531Y,MONTALBÁN,teruel,44,40.8167,-0.7833,895,
9546B,HIJAR,teruel,44,41.1667,-0.4333,305,
9550C,"ANDORRA, HORCALLANA",teruel,44,40.9667,-0.4,762,
9561X,CASTELLOTE,teruel,44,40.7833,-0.3,755,
9562X,MORELLA,castellon,12,40.6167,-0.1,990,
9563X,CASTELLFORT,castellon,12,40.4833,-0.1833,1220,8237
9569A,CALANDA,teruel,44,40.9333,-0.2333,466,8166
9573X,ALCAÑIZ,teruel,44,41.05,-0.1333,334,8164
9574B,"CASPE, PLANA DEL PILÓN",zaragoza,50,41.2333,-0.0667,215,8165
9576C,BUJARALOZ,zaragoza,50,41.5167,-0.1667,357,8165
9585,LA MOLINA,girona,17,42.3167,1.9333,1699,8117
9590,MARTINET  ,lleida,25,42.35,1.6833,1038,
9590D,CAP DE REC,lleida,25,42.4167,1.6667,1940,8940
9619,LA SEU D'URGELL,lleida,25,42.35,1.45,677,8115
9632X,TUIXENT,lleida,25,42.2167,1.5667,1196,
9638D,COLL DE NARGÓ,lleida,25,42.15,1.3,609,
9647X,TORÀ,lleida,25,41.8,1.3833,435,
9650X,ARTESA DE SEGRE,lleida,25,41.8667,1.1,400,
9657X,ESTERRI D'ÀNEU,lleida,25,42.6167,1.1167,952,
9660,SANT MAURICI (LLAC),lleida,25,42.5667,1.0,1907,
9677,PORT AINÉ,lleida,25,42.4,1.2,2410,8938
9689X,TORRE DE CABDELLA ,lleida,25,42.45,0.9833,1273,
9698U,TALARN,lleida,25,42.2,0.85,807,8112
9707,LLIMIANA,lleida,25,42.0667,0.9,515,
9718X,TORDERA - GRANYANELLA,lleida,25,41.6667,1.2167,463,
9720X,TÀRREGA,lleida,25,41.65,1.1333,388,8173
9724X,OS DE BALAGUER,lleida,25,41.8667,0.75,520,
9726E,LLORAC,tarragona,43,41.55,1.3,657,
9729X,MOLLERUSSA,lleida,25,41.6167,0.85,252,
9744B,VALL DE BOÍ,lleida,25,42.5,0.7833,1089,
9751,SOPEIRA,huesca,22,42.3167,0.7333,760,
9756X,BENABARRE,huesca,22,42.1,0.4667,765,
9771,"LLEIDA, OBSERVATORIO",lleida,25,41.6167,0.6167,199,
9771C,LLEIDA,lleida,25,41.6167,0.5833,186,8171
9772X,LA POBLA DE CÉRVOLES,lleida,25,41.35,0.9,673,
9775X,EL SOLERÀS,lleida,25,41.4,0.6667,392,
9776D,ELS TORMS,lleida,25,41.3833,0.7333,488,
9784P,BIELSA,huesca,22,42.6167,0.2167,992,8103
9808X,"AÍNSA-SOBRARBE, LA SERRETA",huesca,22,42.4167,0.1333,610,
9812M,"PARADOR DE ORDESA, PARQUE NACIONAL ORDESA Y MONTEPERDIDO",huesca,22,42.65,-0.0833,1206,
9814A,TORLA,huesca,22,42.6167,-0.1,1020,8101
9814I,"TORLA-ORDESA, EL CEBOLLAR",huesca,22,42.65,-0.1167,1905,8919
9814X,TORLA - ORDESA,huesca,22,42.6333,-0.1,1076,
9838B,BENASQUE,huesca,22,42.5833,0.5167,1120,
9839V,"CERLER, COGULLA",huesca,22,42.55,0.5333,2374,8923
9843A,SEIRA,huesca,22,42.4667,0.4333,825,
9855E,"CAPELLA, LAGUARRES",huesca,22,42.2,0.45,600,
9866C,BARBASTRO,huesca,22,42.0167,0.1333,305,
9894Y,SARIÑENA,huesca,22,41.7833,-0.15,300,
9898,"HUESCA, AEROPUERTO",huesca,22,42.0833,-0.3167,546,8094
9901X,HUESCA,huesca,22,42.1333,-0.3833,463,
9908X,LANAJA,huesca,22,41.7667,-0.3167,380,
9911X,BALLOBAR,huesca,22,41.6167,0.1833,178,
9918Y,"TAMARITE DE LITERA, LA MELUSA",huesca,22,41.7667,0.3667,218,
9924X,FRAGA,huesca,22,41.5167,0.35,170,
9935X,VALDERROBRES,teruel,44,40.8667,0.1333,483,
9946X,HORTA DE SANT JOAN,tarragona,43,40.95,0.3,495,
9947X,LA POBLA DE MASSALUCA,tarragona,43,41.1667,0.35,370,
9961X,CABACÉS,tarragona,43,41.2333,0.7333,363,
9975X,RASQUERA,tarragona,43,41.0,0.6,112,
9981A,ESTACIÓN DE TORTOSA (ROQUETES),tarragona,43,40.8167,0.4833,50,8238
9987P,SANT JAUME D'ENVEJA,tarragona,43,40.6833,0.8,1,8240
9988B,CAP DE VAQUÈIRA,lleida,25,42.6833,0.9667,2467,8936
9990X,"NAUT ARAN, ARTIES ",lleida,25,42.7,0.8667,1161,8107
9994X,BOSSÒST,lleida,25,42.7667,0.6833,722,
9995Y,VALCARLOS/LUZAIDE,navarra,31,43.0833,-1.3,334,
9998X,BELLO,teruel,44,40.9167,-1.4833,1006,
